,Total Profit,Total Wages,Total Surplus Value,Wage Share,Unemployment Rate,Price Index,Total Tax Revenue,Total Unmet Needs,Average Financial Stress,Total Worker Wealth,Average Exploitation Rate,Total Worker Debt,Average Debt per Worker,Workers in Debt,Debt to Income Ratio,Bankrupt Workers,Total Debt Payments,Gini Coefficient,Long-term Unemployed,Long-term Unemployment Rate,Employed Workers,Net Worker Wealth
0,5549.830496641636,37150.49204682978,24263.973810468204,0.6049143557342382,0.9546666666666667,0.9995236200515605,11474.314945614116,0.0,0.20320000000000002,1092017.8455358075,0.34005542048385506,800156.6741854262,533.4377827902841,682,0.017668898196766637,0,14841.844304064856,0,0,0.0,68,291861.17135038134
1,18412.415295705156,78822.91076362498,50699.66132012545,0.6085650516008699,0.9026666666666666,0.9998474895541263,24540.029753214672,0.0,0.21333333333333335,888829.6838361815,0.3423679804507123,1031352.561883732,687.5683745891547,768,0.02063096524421429,0,19095.0528075482,0,0,0.0,146,-142522.87804755048
2,35317.5797289985,120891.01769137425,76474.45556319405,0.6125236379893313,0.8506666666666667,1.001224386910554,39430.19144530624,0.0,0.2208,737730.5508110059,0.34023689541179847,1278347.723719438,852.2318158129588,848,0.023654254615249382,0,23672.65612508252,0,0,0.0,224,-540617.1729084323
3,52032.31705112054,155267.8354271744,99630.9468154401,0.6091352577721982,0.8086666666666666,1.000809915756816,52048.68742071033,0.0,0.22813333333333333,636009.2246100202,0.3416900133921297,1538406.0051906651,1025.6040034604434,918,0.025771655904110465,0,28564.729381387137,0,0,0.0,287,-902396.7805806451
4,65639.4009400594,193830.69374807496,125459.23792270003,0.6070679796691395,0.7586666666666667,1.001922671447354,65012.113868242675,0.0,0.23359999999999997,576929.3532883449,0.3436475832778825,1812756.827930235,1208.5045519534901,976,0.03223464794225597,0,33681.60688673536,0,0,0.0,362,-1235827.4746418903
5,83396.3118107324,229192.02212599322,150673.1208250074,0.6033510217481498,0.7126666666666667,1.002115815556365,78363.7236433091,0.0,0.23906666666666665,558749.1034375505,0.34727465731276275,2095755.3206698569,1397.1702137799045,1044,0.038337305740894646,0,39030.118936094965,0,0,0.0,431,-1537006.2172323063
6,91533.07535643979,258886.49857410925,171421.25594785134,0.601631032333388,0.674,1.0016144771152318,88646.3472635782,0.0,0.2428,576072.0585631981,0.34965598935454306,2385683.1204037615,1590.4554136025076,1112,0.0408505306084969,0,44820.488379510956,0,0,0.0,489,-1809611.0618405635
7,102655.1570671071,280989.23994996125,188317.59305974364,0.5987324713513187,0.6426666666666667,1.0011551919840418,98272.34674891512,490.77340564445655,0.24446666666666667,629253.9617899708,0.3517638023794383,2688279.7144451006,1792.1864762967336,1170,0.04694721347783073,0,50792.86674453192,0,0,0.0,536,-2059025.7526551299
8,113025.00223926903,301105.4440685228,202351.73637321882,0.5980755777568371,0.618,1.0012686117997145,106269.07306415883,1295.9455928096843,0.2454519015906936,700876.3592673736,0.3521493836597222,2994032.203247101,1996.0214688314006,1198,0.05158540171078152,0,56859.57296747416,0,0,0.0,573,-2293155.8439797275
9,113142.3596038741,312643.73755221744,210816.15633062384,0.5972639761054781,0.6006666666666667,1.001540457351554,110245.7442200805,4810.739406314019,0.2476,788684.8646186093,0.3527866911012926,3299898.704725031,2199.932469816687,1221,0.05511987679956514,1,62539.837462038195,0,0,0.0,599,-2511213.8401064216
10,115117.21537246571,318143.41620627063,214343.7318513736,0.597466844724354,0.5933333333333334,1.002883518983618,112733.03345613385,10119.573865419039,0.24532842159043172,886506.7604551252,0.353161124857208,3609311.833100096,2406.2078887333973,1231,0.056664573573813354,3,68329.98708778922,0,0,0.0,610,-2722805.0726449704
11,121148.09261315978,324094.4776343997,220239.86716159663,0.5953959744279276,0.5846666666666667,1.0032464192481556,116526.47642624985,19334.489763267997,0.24792094399524708,988671.8232123181,0.3552042131601447,3920586.050007228,2613.724033338152,1240,0.05854213548811514,10,74167.27571782407,0,0,0.0,623,-2931914.2267949097
12,121961.35793641888,331152.7237011026,224008.05543665626,0.5964987732300332,0.576,1.0036514485301473,119422.70115622535,35562.389935337604,0.2531927677532582,1094910.9086156967,0.3546697682548707,4230122.5887298575,2820.081725819905,1241,0.06101978561283033,14,80225.48405675616,0,828,0.552,636,-3135211.680114161
13,123554.42679019606,335285.9488710258,225501.24860163828,0.5978844566746186,0.572,1.0035367647097413,122165.80479737566,58350.8745203791,0.2574532523024602,1203404.7947426566,0.35381140533137284,4535375.62059095,3023.5837470606334,1239,0.06205093618325115,25,86243.0137308957,0,816,0.544,642,-3331970.8258482935
14,122692.20329289943,336294.80789896427,226081.25750520872,0.597989190128981,0.5706666666666667,1.0042703203958765,122821.67452271706,86172.77068719758,0.2640134153229956,1314942.3389654264,0.3536604443927608,4840357.873544186,3226.9052490294575,1234,0.0624823326331908,37,92238.37916081054,0,807,0.538,644,-3525415.53457876
15,124029.99914524563,336230.1198598773,226005.62008138167,0.5980233840968663,0.5706666666666667,1.005476504373028,124419.85318391351,125627.84335955846,0.2709328538501284,1426757.9233734016,0.3537332770219692,5141223.282446498,3427.4821882976653,1229,0.063043407755625,49,98227.8693879765,0,802,0.5346666666666666,644,-3714465.359073096
16,126829.99492474219,334327.59032224276,225521.43052735878,0.5971745557666285,0.5726666666666667,1.0063570146113265,124957.05734939032,171008.10827967987,0.2765888693748839,1539193.7281735346,0.3544091798744725,5443864.304259247,3629.242869506165,1219,0.06287959242457218,71,104185.80282780476,0,797,0.5313333333333333,641,-3904670.5760857128
17,127324.33652039005,334580.54555269337,225774.15412125108,0.5970870695782099,0.5726666666666667,1.006039401987454,126149.59227073996,228014.91318157743,0.28800560252115626,1652590.9503044686,0.35452134154560194,5744744.745133444,3829.8298300889624,1214,0.06333037380498593,85,110120.72370028823,0,791,0.5273333333333333,641,-4092153.7948289746
18,123619.71575404343,335498.9437228585,226058.69039262235,0.5974434739032775,0.5713333333333334,1.0073896501229662,126507.85050308521,299904.33828555304,0.30051171612583594,1766348.708998424,0.35424767118926076,6037898.881453144,4025.265920968763,1211,0.0647769344591122,101,116110.74097625213,0,787,0.5246666666666666,643,-4271550.17245472
19,121017.81670324026,335227.258049592,226016.89349139127,0.5972930980735806,0.5713333333333334,1.0084772619919407,126864.77154051184,387777.4740446727,0.3175610592923685,1880267.4788280588,0.354285793287076,6321227.174309497,4214.151449539664,1209,0.06483515410324389,129,121997.3354912169,0,784,0.5226666666666666,643,-4440959.695481438
20,119354.06092644008,334364.61197985866,226004.0124285595,0.5966868904069135,0.572,1.008928987014306,127030.07303218139,488771.3505968866,0.33363412783021323,1995034.682751906,0.35457703345710856,6594578.370433422,4396.3855802889475,1207,0.06545690769639069,154,127715.55363010456,0,785,0.5233333333333333,642,-4599543.687681517
21,116272.77229079288,334301.0311859805,226021.672999616,0.5966223190471495,0.5726666666666667,1.010029884312705,127009.27279654254,611050.4139061786,0.3496616313052134,2109442.4138826258,0.35481833125523493,6856763.0051955115,4571.175336797008,1205,0.06620059710894419,197,133239.4532650043,0,784,0.5226666666666666,641,-4747320.591312886
22,115709.87231760156,332504.8760937449,225920.12794404515,0.5954333593401263,0.5746666666666667,1.0098995873513832,127598.40775822297,746123.0487326602,0.3633760411824463,2224286.3300994984,0.3558112511574222,7108634.601988013,4739.089734658675,1202,0.06644116393683151,235,138546.67610890436,0,783,0.522,638,-4884348.271888515
23,114774.04646256866,331978.5273654771,225709.81040195536,0.5952760796370087,0.5753333333333334,1.009554812662759,128336.09731391557,903549.9300540572,0.3797988999717447,2339009.556676229,0.3560302118857672,7351499.922691731,4900.9999484611535,1196,0.06761938903957289,264,143621.9818183026,0,784,0.5226666666666666,637,-5012490.366015502
24,111223.6797442372,330773.1989532647,225560.55138675234,0.5945589293317267,0.5766666666666667,1.0099274297885514,127819.30708991039,1076188.5557189262,0.39782126896601183,2453129.436469003,0.35655170931211944,7579988.304573088,5053.325536382059,1193,0.0678916261498188,294,148448.06885585035,0,786,0.524,635,-5126858.868104084
25,112477.09996666304,328523.8682150332,224749.5231962496,0.5937821578172026,0.5793333333333334,1.010071817934053,128551.94953014549,1266600.0251217058,0.41058398648464095,2566672.1532177655,0.35720173120083953,7796754.895767229,5197.836597178152,1190,0.06742180147583962,329,153047.27224977815,0,788,0.5253333333333333,631,-5230082.742549463
26,112932.36990658715,329822.00868343597,225057.3074022276,0.5944031415878498,0.5786666666666667,1.0096171122607784,129473.26449971704,1477234.3748446738,0.4268717137140875,2680799.3417160674,0.35677021975382445,8001583.280327004,5334.388853551336,1183,0.06869812534752023,366,157423.40877136236,0,789,0.526,632,-5320783.9386109365
27,113989.13631930856,329641.46731742244,225213.93627150767,0.5941033739335094,0.5793333333333334,1.0104581512317474,130056.99079112409,1711240.8351404855,0.4459458642216105,2796555.400549653,0.3571286929697612,8190570.284453384,5460.380189635589,1179,0.06875706316019956,404,161475.95161278415,0,794,0.5293333333333333,631,-5394014.883903731
28,113376.43881948061,330173.0267557267,225514.38228819397,0.5941704299613352,0.578,1.0113312920830333,131014.28523493148,1960852.0463086248,0.4655649404026812,2912765.4923437177,0.35697847014305856,8362851.440874839,5575.234293916559,1175,0.07134965678243173,435,165264.01980628344,0,794,0.5293333333333333,633,-5450085.948531122
29,118085.05283217518,331748.9706077346,225896.4383332918,0.5949102517273994,0.576,1.0124564204614224,132979.1485638799,2226158.522454296,0.47837036820495343,3029260.195232584,0.35654443474869446,8523722.717312656,5682.481811541771,1172,0.0727448690021185,479,168718.74595150872,0,796,0.5306666666666666,636,-5494462.522080072
30,119519.38538086886,332295.0187163834,225910.33047881952,0.595291713337166,0.5753333333333334,1.011917752420353,133965.18548284113,2510661.8592154565,0.49817540004395877,3146316.590191399,0.3561913886818455,8666673.572883772,5777.782381922514,1168,0.07394733981763645,507,171965.7422329443,0,795,0.53,637,-5520356.982692372
31,116217.39040489464,332943.8842680407,226293.62761838757,0.5953532751137337,0.5746666666666667,1.012729689734017,133936.2568114345,2797765.5166305513,0.5126100975382395,3264006.9691119427,0.3563623327473277,8793940.143443644,5862.626762295763,1164,0.07400318243715114,535,174832.24839429208,0,794,0.5293333333333333,638,-5529933.174331701
32,116972.30434684092,332482.49954276363,225948.63411948626,0.5953867531745742,0.5753333333333334,1.0130969002364485,134793.06943555526,3108930.7037102785,0.530368494754912,3382818.336610683,0.35649812572477074,8906527.965651745,5937.685310434496,1155,0.07343645205211359,580,177380.28951964737,0,794,0.5293333333333333,637,-5523709.629041063
33,111883.22975777011,331885.45419842075,225651.3239342642,0.5952709618726484,0.576,1.0141658776611688,133975.11012650948,3436077.560149975,0.5402643542234913,3502254.3985045743,0.3566401616513788,9006975.458279021,6004.650305519347,1151,0.0732422112568296,615,179530.46873654082,0,798,0.532,636,-5504721.059774447
34,112025.49222863052,332213.5657889988,226038.49906149603,0.595095991051943,0.5753333333333334,1.0139678985308187,134167.38045907504,3792669.693272995,0.5556869014703503,3622245.5803548377,0.35667725345057094,9094347.10997105,6062.898073314033,1145,0.07335497660165449,646,181533.95829507065,0,803,0.5353333333333333,637,-5472101.529616213
35,110460.32380853598,330790.0640700402,225562.10096497837,0.5945695637748065,0.576,1.0133666214981438,133782.85515891327,4159158.2022067304,0.5658179772617308,3742903.846768479,0.35690936218274955,9168985.430376636,6112.656953584424,1139,0.07470607358124347,674,183233.6517781047,0,806,0.5373333333333333,636,-5426081.583608158
36,112018.11186273303,330341.8428986499,225502.53021120792,0.5943063542236502,0.5766666666666667,1.0130836659310256,134842.36036406094,4547177.574293958,0.5741493745389601,3862995.2612397918,0.3573017127945605,9236029.077878326,6157.352718585551,1135,0.07515684997696057,709,184669.62683174358,0,809,0.5393333333333333,635,-5373033.816638534
37,114077.14778474122,327888.33753099566,224793.76355319994,0.5932675165122548,0.5793333333333334,1.013121677320128,135038.99822982796,4930964.2631433895,0.584677009417179,3982884.7145750085,0.35813509673689264,9292818.93048725,6195.212620324834,1130,0.07497221604906322,728,185989.7400853319,0,815,0.5433333333333333,631,-5309934.215912243
38,107369.84568386049,327837.7566940925,224893.53828852836,0.5931232041138551,0.5793333333333334,1.0126302732466375,133976.1638632457,5339927.442200877,0.5932,4101483.3503657333,0.35837535012274785,9343206.870487055,6228.804580324703,1129,0.07621152410260845,748,187075.32429206863,0,817,0.5446666666666666,631,-5241723.520121322
39,106857.13887480879,327241.6363557491,224588.18463587094,0.5930118741457405,0.5806666666666667,1.013334379094835,134930.3531472569,5725341.879329372,0.5987943876468459,4219619.784685708,0.35869659206747695,9388111.272752069,6258.740848501379,1129,0.07649002901422301,766,188110.74013307426,0,816,0.544,629,-5168491.488066362
40,106019.94037254227,326156.39771424665,224202.69246091423,0.5926247127315404,0.582,1.0141357073558643,134926.51248455007,6117278.948620374,0.6059540408684437,4337639.680737944,0.35909591814531894,9426756.612036588,6284.5044080243915,1125,0.07705799322911534,774,189056.63163113518,0,818,0.5453333333333333,627,-5089116.931298644
41,102560.20007522251,323619.5325397594,223463.85422424835,0.5915360260781549,0.5846666666666667,1.013857111659927,134700.9992824686,6543569.933907186,0.6130204188623674,4454991.272296133,0.3598792309805337,9457886.506764898,6305.257671176599,1123,0.07677203169932376,792,189802.70141397908,0,820,0.5466666666666666,623,-5002895.234468765
42,101744.74569958018,323594.1934179832,223354.14545248117,0.5916357550079718,0.5853333333333334,1.0151748701613255,135067.41899158692,6967960.382753613,0.6187868864191851,4570844.17572145,0.35998391339122965,9484316.764060024,6322.877842706683,1122,0.07653175190004417,806,190436.78195082088,0,820,0.5466666666666666,622,-4913472.588338575
43,101190.2219022013,322224.91317384224,222704.50936248133,0.5913149480424019,0.5866666666666667,1.0155887231247396,135284.26504952981,7392701.8834921485,0.6213724356615725,4686990.323838171,0.3600714076526501,9506944.866822157,6337.963244548105,1121,0.07671440410433392,819,190997.9453944456,0,822,0.548,620,-4819954.542983986
44,102491.35541551077,321067.48481456464,222454.31302309377,0.5907168509007297,0.588,1.0165525541296736,135711.2160270338,7825340.846891662,0.6268666666666667,4802756.0932409195,0.36050402539577686,9526230.389852373,6350.820259901582,1115,0.07797930596662375,831,191485.71260137061,0,823,0.5486666666666666,618,-4723474.296611453
45,102623.51829688955,318561.6291250829,221569.7905450528,0.5897854068915895,0.5906666666666667,1.0160910985690554,136231.79140551362,8275228.926217505,0.6281153134842055,4918320.443410963,0.3610414289703462,9544756.073814768,6363.170715876512,1113,0.07723128680387911,842,191800.45886276572,0,829,0.5526666666666666,614,-4626435.6304038055
46,101756.32073708253,318017.3031751053,221281.2556229849,0.5896869145800349,0.5913333333333334,1.0156413267548416,135979.81648117636,8728785.339608556,0.6319183052848527,5032534.85561758,0.3610233994049725,9561487.053821946,6374.324702547964,1109,0.07830939525080044,849,192175.28274209914,0,826,0.5506666666666666,613,-4528952.198204366
47,97481.99815385087,317048.2687271385,221131.14206904508,0.5891125939918376,0.5926666666666667,1.0155427409885573,135030.40961363603,9127579.038844671,0.6321246125912292,5145711.669882264,0.36143939745631537,9576177.640287831,6384.118426858554,1107,0.07810289055920956,851,192473.82487278746,0,828,0.552,611,-4430465.970405567
48,96544.45363394404,315428.4406737859,220143.49777633403,0.588956250371514,0.5946666666666667,1.0166771441128999,135789.23894785912,9551897.311244115,0.6331210858879956,5257865.976194483,0.3612554969368194,9590586.84260902,6393.724561739346,1104,0.0775815687871046,855,192769.24039825096,0,828,0.552,608,-4332720.866414537
49,96838.86143976,313526.85352308437,219552.6526075714,0.5881427627912601,0.596,1.0163371357596436,136647.13668382692,9970799.714797711,0.638236414044487,5370599.631788231,0.3616675248312052,9603710.171902828,6402.473447935218,1102,0.0789075631127336,856,193038.49616460962,0,827,0.5513333333333333,606,-4233110.540114596
50,99770.3632426887,312588.598706269,219141.05886464534,0.5878712880794701,0.5973333333333334,1.0164175868477328,138307.15587445765,10409677.079738332,0.6426515203377487,5483875.054641507,0.3617875501087095,9614731.949434692,6409.821299623128,1102,0.08063318118722869,863,193293.1774386963,0,823,0.5486666666666666,604,-4130856.894793185
51,97495.26195139233,313686.2520922721,219881.8266390883,0.5879029585842337,0.5966666666666667,1.0160565389433085,138904.34303911112,10798913.41116525,0.6438666666666666,5595427.042280049,0.36190892031118527,9624954.250463562,6416.636166975708,1102,0.08204750708812837,873,193538.29585915955,0,817,0.5446666666666666,605,-4029527.208183513
52,96583.19561297065,314300.24937488866,220302.4709340228,0.5879136739021368,0.596,1.0156310031092979,139427.55852510442,11192944.661939863,0.6438666666666666,5706195.035486463,0.36197194763083645,9634379.790200032,6422.919860133355,1101,0.08242711205491357,873,193761.79632143787,0,814,0.5426666666666666,606,-3928184.754713569
53,94067.8507814079,315369.67106611683,220814.5258028434,0.5881741254362091,0.5946666666666667,1.0166976175883726,140197.76315305982,11592807.802402146,0.6430937490079396,5817223.420426401,0.3618630515588526,9642977.753016587,6428.651835344392,1097,0.0840402770534042,870,193941.9051818632,0,809,0.5393333333333333,608,-3825754.332590185
54,93410.11161386022,315465.0512885855,220536.54456273356,0.5885524478477336,0.5946666666666667,1.0165571264041668,140437.94761545354,11971586.469055502,0.6442503324909514,5928764.532935085,0.36148918807613506,9651289.830281366,6434.193220187577,1096,0.08432435758247862,874,194051.43167796396,0,810,0.54,608,-3722525.2973462804
55,94784.32896765451,318004.5526924601,221519.5365302759,0.5894167823916678,0.592,1.0179449623052923,141889.209269531,12370268.348229293,0.645338339998534,6040949.494155101,0.3608197835903732,9659132.491430806,6439.421660953871,1093,0.08664133655648315,879,194217.23659997567,0,804,0.536,612,-3618182.997275706
56,91452.56680829418,317055.9764557312,220748.57009943092,0.5895375531623755,0.5926666666666667,1.0188629161079243,142018.82220319298,12742019.418310467,0.6458380107409089,6154900.088274068,0.36057626212435184,9666908.688440802,6444.605792293868,1089,0.08667706876362335,876,194338.719221425,0,803,0.5353333333333333,611,-3512008.6001667324
57,93004.13718844537,315305.2167453947,219925.65452062228,0.5891013274319966,0.5953333333333334,1.0199442240905938,142827.22517851542,13159379.80518823,0.6488,6269146.366888031,0.36087012365717674,9674135.059366012,6449.4233729106745,1087,0.08651986608523426,882,194431.40180897547,0,802,0.5346666666666666,607,-3404988.6924779797
58,96776.98883024065,315835.9249133766,220632.25268967974,0.5887318914693762,0.5946666666666667,1.0212447325163336,144240.13222831846,13592949.747564133,0.6500666666666667,6383194.907243051,0.36140857964709416,9680768.329183847,6453.845552789231,1086,0.08951165649455158,888,194552.8372278229,0,797,0.5313333333333333,608,-3297573.421940795
59,94854.49846647965,316806.591892482,221151.01798553893,0.5889062373600705,0.5933333333333334,1.0223524849902976,144978.97618033786,14019429.545284249,0.6506666666666666,6496262.636460208,0.36115296072138275,9687569.376707055,6458.3795844713695,1085,0.08883951619506425,893,194682.493355367,0,799,0.5326666666666666,610,-3191306.740246847
60,91765.93806444647,312481.4104575811,219204.2224668645,0.5877183642123837,0.5986666666666667,1.0223848323822444,144336.69017148117,14395034.040909093,0.6498666666666666,6610314.929374877,0.3621850927442099,9694380.362808695,6462.9202418724635,1086,0.08818181902358974,889,194810.38948118052,0,801,0.534,602,-3084065.433433818
61,91980.87192372401,311711.0211833968,219204.8722010193,0.5871194007705071,0.5986666666666667,1.0236277122344002,144335.4326040217,14825583.699677678,0.6519850838091247,6721989.142195651,0.36246254226612473,9701673.335325196,6467.782223550131,1086,0.09192317476476933,893,194977.31002971914,0,799,0.5326666666666666,602,-2979684.193129544
62,94273.06425897489,309889.06758635014,219159.0930528563,0.5857483129927832,0.6006666666666667,1.0240430153426103,144738.81021117384,15261471.406093473,0.6530666666666667,6833193.233189157,0.3636824514004894,9709436.301725622,6472.9575344837485,1084,0.09026862728304719,894,195134.70112535957,0,801,0.534,599,-2876243.0685364655
63,83278.74375185554,309217.47470885894,219153.33593610013,0.5852281550742947,0.6013333333333334,1.0249757144417855,142383.4004662385,15704632.221455507,0.6525444443446058,6943446.318403524,0.36414287885196656,9718029.200318731,6478.686133545821,1082,0.09007161184846833,899,195262.18800394487,0,809,0.5393333333333333,598,-2774582.881915207
64,83729.83618077624,307014.61326593993,218080.45577014226,0.5846838627327565,0.604,1.0254881689019635,142393.68842814592,16175141.316738226,0.6536525787874847,7054145.7984684585,0.36452038473182663,9726678.44642311,6484.452297615407,1082,0.08937879894525422,902,195407.315151547,0,817,0.5446666666666666,594,-2672532.6479546507
65,85431.74316454466,305079.97282408347,217407.27603797102,0.5838993649864741,0.606,1.0267079847912053,142773.59230911089,16647426.86379424,0.6566666666666666,7164433.27854769,0.365008502610993,9735343.006127471,6490.228670751648,1083,0.09039062888921524,905,195591.67798647852,0,823,0.5486666666666666,591,-2570909.72757978
66,83332.64440167064,304855.220485664,217308.72965135757,0.5838304624546881,0.6066666666666667,1.0275596218082153,142645.6055666731,17118448.848843936,0.6581333333333333,7274005.2501586145,0.36523198522776185,9744420.020034524,6496.280013356349,1086,0.09099860260355278,904,195796.67955271452,0,824,0.5493333333333333,590,-2470414.769875909
67,84544.03558031007,304238.7946321076,217282.16853307467,0.5833682941250158,0.6066666666666667,1.0279384715931692,143164.952039091,17539732.318215407,0.6585333333333333,7384245.472806268,0.36554677935234015,9755044.399148678,6503.362932765785,1083,0.09249212732304359,907,196041.55276198432,0,826,0.5506666666666666,590,-2370798.9263424096
68,82530.5402660837,300733.53612706205,215532.39561171614,0.5825167179135657,0.6106666666666667,1.0281602987648661,142483.4965804184,17974100.953314096,0.6605333333333333,7495071.158118988,0.3657945409112799,9765677.942591313,6510.451961727542,1085,0.09039686268430147,906,196186.59921949703,0,832,0.5546666666666666,584,-2270606.784472325
69,81303.8100350607,302523.9404273332,216477.85969438014,0.5828957440155063,0.6086666666666667,1.0282845650798167,142488.61111908488,18451516.99754481,0.6618,7605469.277569876,0.3656610552785724,9776467.753549619,6517.645169033079,1083,0.09353477376902085,909,196428.826255497,0,833,0.5553333333333333,587,-2170998.4759797417
70,81093.78148678652,302633.2200011499,216496.56229362474,0.582962546790096,0.608,1.0290677029729078,143101.8329348234,18868171.13409108,0.6612978604445438,7716173.844216352,0.365540617664489,9787500.370190803,6525.000246793868,1083,0.09401949211170517,914,196595.64751740688,0,837,0.558,588,-2071326.5259744495
71,81137.25816384118,302461.51382859325,216320.82147637423,0.583021998331517,0.608,1.0291383433583825,143020.03882612506,19339854.451712895,0.6638000000000001,7826941.501854962,0.3654612995733316,9798203.627710016,6532.135751806678,1083,0.09646058082925646,913,196818.5510541877,0,839,0.5593333333333333,588,-1971262.1258550556
72,79472.29868690645,303513.16543466796,216731.15787003795,0.5834050499709172,0.608,1.030179986923646,143315.08167670137,19795920.37679576,0.6648666666666666,7937989.684747197,0.3653046774398962,9808887.844030118,6539.258562686745,1082,0.09449527734855036,914,197049.45615836314,0,841,0.5606666666666666,588,-1870898.1592829206
73,82896.4616375502,301541.8710701195,216509.05734758018,0.582069936620187,0.6093333333333333,1.031415764815429,144280.76541243817,20172763.366016284,0.6636102837865252,8049744.709412467,0.36636539155232967,9819489.967443068,6546.326644962045,1082,0.09577768045479719,915,197263.76721624233,0,846,0.564,586,-1769745.2580306001
74,79890.5090061021,300196.15457622363,215636.52239570545,0.5819642065687899,0.6106666666666667,1.0314856436069044,143791.6992219694,20547109.173897482,0.6650638904877966,8159289.715208312,0.3662597530023412,9829467.749274844,6552.978499516563,1079,0.09503503382287708,914,197493.71375274137,0,853,0.5686666666666667,584,-1670178.0340665325
75,78818.52405712871,299988.21056394966,215711.5094377652,0.5817110208300135,0.6113333333333333,1.031764540632251,144218.79592704232,20991439.36730218,0.6656666666666666,8269234.661656248,0.3665696344805017,9839346.082863307,6559.564055242205,1079,0.09448598995981153,918,197647.77918117435,0,856,0.5706666666666667,583,-1570111.4212070578
76,81855.82380417507,300880.649204946,215875.64720288283,0.5822486369232127,0.61,1.0316322013212678,145514.72330955585,21394802.179666758,0.6672,8378887.258315363,0.3660269511781104,9848993.823702062,6565.995882468041,1076,0.0955771851111606,921,197861.18142023994,0,853,0.5686666666666667,585,-1470106.5653866983
77,83568.97727510263,299584.08865043276,215537.06640916018,0.5815798588504383,0.6113333333333333,1.0326056028175814,145773.5604970127,21787200.1948057,0.6667333333333334,8488865.720920699,0.36653206927469156,9858100.673581019,6572.06711572068,1074,0.09584610131681344,921,198014.41726804632,0,855,0.57,583,-1369234.9526603199
78,79492.15592523,299212.45215319603,215155.243445384,0.5817092611249555,0.612,1.0332619255807254,145371.58356540752,22267997.45410339,0.6679802535516075,8598439.196620492,0.36643922269044193,9867522.117588088,6578.348078392059,1074,0.0960377047211309,927,198174.8660941988,0,858,0.572,582,-1269082.9209675954
79,83152.98226466277,298766.06846678874,215215.53707792025,0.5812777446581215,0.6126666666666667,1.0343559893566385,145856.2650946273,22695081.49379288,0.6686,8708387.68292839,0.3668627539659263,9876900.629797092,6584.600419864728,1073,0.09461987745957777,928,198381.72235843743,0,861,0.574,581,-1168512.9468687
80,81830.29651197327,300247.6636258562,215612.97081044404,0.5820325172785239,0.6113333333333333,1.0353822431447781,146262.81442214662,23144504.617403157,0.6686,8818401.59886041,0.36635719332765826,9886069.334073126,6590.7128893820845,1071,0.0964130974835487,931,198568.27113824215,0,859,0.5726666666666667,583,-1067667.7352127172
81,78062.74812036306,302143.9112273599,216329.06882030118,0.5827572946994943,0.6093333333333333,1.0367956317230258,145274.1715779218,23566847.205981825,0.6693479966135087,8928401.97780567,0.36586553258082954,9894071.803733835,6596.04786915589,1069,0.0971230036622508,931,198730.5810864324,0,865,0.5766666666666667,586,-965669.825928165
82,75110.4466454739,302602.32023051893,216589.07450423323,0.5828338514453121,0.6093333333333333,1.0370208084525558,145287.027052127,24049852.022435606,0.6709333333333333,9039985.327589039,0.36594608184088767,9901388.884271687,6600.925922847791,1068,0.09665404603110789,935,198867.56402792703,0,863,0.5753333333333334,586,-861403.5566826481
83,76375.26053859113,302574.9496268827,216391.33660160453,0.5830339227347552,0.6093333333333333,1.0371307604803397,146386.25375786607,24454006.479060918,0.6708000000000001,9151808.44908554,0.3657798729964698,9908195.469090909,6605.463646060606,1067,0.09691104374591203,933,199008.76529463826,0,863,0.5753333333333334,586,-756387.0200053694
84,79680.60175774853,302574.9496268827,216391.33660160453,0.5830339227347552,0.6093333333333333,1.0381279437263213,147493.32490137286,24883866.476152465,0.6720666666666667,9263543.972223163,0.3657798729964698,9913967.13711196,6609.311424741307,1066,0.09710621633329601,933,199135.3986808988,0,868,0.5786666666666667,586,-650423.1648887965
85,76626.39736289579,300528.8930875541,215526.44551265292,0.5823578802667454,0.612,1.0384736860448416,146460.0634881342,25369436.05701921,0.6724,9375687.352637231,0.36623290366908395,9919312.406564524,6612.874937709683,1066,0.09575922436594243,938,199241.3781338209,0,869,0.5793333333333334,582,-543625.0539272932
86,78195.16706920289,299582.4303519482,215145.34275383662,0.5820211109735072,0.6126666666666667,1.0382560872325863,147354.77101887614,25856122.59322374,0.6732939550717445,9486183.433838472,0.36663834912864957,9924268.243796118,6616.178829197412,1065,0.09594727978634171,943,199358.54290979484,0,874,0.5826666666666667,581,-438084.8099576444
87,74018.03591581124,300259.7915734808,215454.12863635414,0.5822216151375367,0.612,1.0384291021470344,146006.5907577947,26344462.86259515,0.6751740550040253,9596476.542442262,0.36627691955723674,9928271.674832042,6618.847783221361,1065,0.09618239323033471,944,199451.02311833893,0,875,0.5833333333333334,582,-331795.1323897789
88,71630.09185052861,302119.1979502509,216631.1008668641,0.5823981183994706,0.6093333333333333,1.039042671505073,146486.91349278134,26803043.06448896,0.6757392788314247,9707135.699340679,0.36643539856274016,9931889.260676252,6621.259507117501,1065,0.09871361678274908,944,199540.28606160334,0,874,0.5826666666666667,586,-224753.56133557376
89,70508.38409482884,302179.24412673723,216697.04947556453,0.5823724225843043,0.6093333333333333,1.0388473170224626,146770.77426201044,27234885.209035553,0.6762666666666667,9818382.83640873,0.36639461876121954,9934760.21550725,6623.173477004833,1062,0.09881272354213368,945,199622.64921394488,0,873,0.582,586,-116377.37909852093
90,73612.07620163247,302052.7297173384,216225.332523084,0.582800530687367,0.6106666666666667,1.0398779376051317,147586.40323455204,27691538.278268322,0.6765333333333333,9929645.488573471,0.3662434227751341,9937821.059449619,6625.214039633079,1062,0.09777242505682955,946,199629.3714196049,0,871,0.5806666666666667,584,-8175.570876147071
91,79095.85120722935,302542.5851509343,216830.99519385208,0.5825143915678023,0.6093333333333333,1.0400405454515398,149747.6089816308,28061670.466931712,0.6758854752170111,10041091.081257952,0.36638082544262274,9941122.05279383,6627.414701862554,1062,0.09903589766660714,945,199696.47091964152,0,868,0.5786666666666667,586,99969.02846412125
92,76682.15550915807,300882.3385920114,216124.97881336603,0.5819692071323126,0.6106666666666667,1.0414557605025765,149302.86440664897,28406653.932122394,0.6749714461155674,10151844.138064554,0.36652919919597743,9944750.639104893,6629.833759403262,1062,0.09983941595860024,942,199773.14500972253,0,869,0.5793333333333334,584,207093.49895966033
93,77989.37472482971,299406.4763671639,215519.574488526,0.5814552902686093,0.612,1.0413980409087138,149401.7470929261,28857510.855124794,0.6768574170141236,10262551.78543147,0.3666616473246961,9948519.744045986,6632.346496030657,1061,0.10072348011068111,946,199856.4323727712,0,869,0.5793333333333334,582,314032.0413854861
94,73237.2870132731,300923.68529072654,215906.0566504909,0.5822491642227366,0.6113333333333333,1.0413752379588606,148247.6013639825,29313501.089075513,0.6779333333333333,10372444.172031028,0.36634846280019534,9952445.933666132,6634.963955777422,1058,0.0990827265996788,947,199922.47201698544,0,866,0.5773333333333334,583,419998.2383648967
95,71965.66916214747,302563.4981877507,216664.02033212627,0.5827185335828228,0.6093333333333333,1.0410023019297643,148759.2552568965,29801644.0421939,0.6776,10483874.562854156,0.36618365068908965,9955867.45127515,6637.244967516766,1056,0.1009919941653234,950,199951.6678415312,0,865,0.5766666666666667,586,528007.1115790063
96,72027.56799774375,303100.5905597411,216938.7188112773,0.5828416911912636,0.6093333333333333,1.0418263011914721,149324.54962490892,30161358.9076486,0.6766666666666666,10595258.626002986,0.3661633435231506,9959506.17437568,6639.670782917119,1056,0.10023195400914411,948,199990.19895326742,0,864,0.576,586,635752.4516273076
97,66745.78028576865,302960.50199021137,216873.62438700843,0.5828022567536607,0.6093333333333333,1.0427152855607187,148150.8560733381,30590074.514027454,0.6771333333333334,10707684.373001238,0.3662244297999303,9963241.405459957,6642.160936973305,1058,0.10054384534506533,946,200071.70128427527,0,858,0.572,586,744442.967541282
98,65437.05724091274,302290.10216341895,216735.0329339886,0.5824190038632463,0.6093333333333333,1.0438954998947438,148132.92744495068,30940905.270031855,0.67613825403378,10819247.37883287,0.36640985977784396,9966821.14131356,6644.547427542374,1056,0.1024786532752047,943,200188.13994232338,0,860,0.5733333333333334,586,852426.2375193093
99,65121.16816016372,302750.1104632992,216936.63141818764,0.5825626979961335,0.6093333333333333,1.044463850348201,148475.64006684764,31392703.592093542,0.6777295401779662,10930939.427768229,0.36639612465386784,9970091.091208119,6646.727394138746,1056,0.10095595618861498,943,200220.35931746947,0,861,0.574,586,960848.3365601088
100,69025.33235965994,302693.6615316543,216751.67952193285,0.5827247596786661,0.6093333333333333,1.0440991235085362,149866.10261062384,31857194.045496147,0.6774666666666667,11043578.62599084,0.3661740523312225,9973611.376347292,6649.074250898195,1056,0.10117471438176585,946,200281.12601892324,0,856,0.5706666666666667,586,1069967.249643547
101,70140.99414976704,302950.03843019984,217045.4797598438,0.5826012491120744,0.6093333333333333,1.0445735271455292,150888.23910303283,32264942.024700217,0.6775750173320173,11155706.989581306,0.3664099396118224,9977172.560945306,6651.448373963537,1055,0.10122173456423446,948,200349.99451954267,0,852,0.568,586,1178534.428636
102,67586.82596838167,300669.89187757287,216176.50688246908,0.5817393573775599,0.612,1.04427298900975,150450.54855586213,32631702.007482752,0.6782,11268629.933154661,0.36706315117377775,9980855.749769285,6653.903833179524,1055,0.09970776561613474,948,200400.28798718457,0,856,0.5706666666666667,582,1287774.1833853766
103,64061.80776597877,299542.5450544226,215429.85921918045,0.5816671778305167,0.6133333333333333,1.043972085907109,149937.33767455307,33056875.823910806,0.6786666666666666,11380702.813305363,0.3670994067073512,9985211.561749145,6656.807707832763,1053,0.09952224546723457,948,200479.08389137936,0,861,0.574,580,1395491.2515562172
104,59147.102859580504,298706.35320954776,215243.58928856588,0.5811973667272939,0.614,1.0451956505413527,149874.92924977496,33548210.7162334,0.6806666666666666,11492745.724229487,0.3673750305884098,9989156.107289908,6659.437404859939,1053,0.10058128549112967,951,200534.65796305903,0,862,0.5746666666666667,579,1503589.6169395787
105,61141.30218260192,296406.0720034363,213956.41151651763,0.5807755890658988,0.6166666666666667,1.0465949165386534,150031.13299973172,33930665.32717472,0.6798666666666666,11603050.16778731,0.3675371515206956,9993251.54931984,6662.16769954656,1052,0.09991095574309371,952,200619.66387809365,0,863,0.5753333333333334,575,1609798.6184674709
106,63918.22921282196,296092.48368838034,213860.05255624955,0.5806275342188738,0.616,1.0476406168027559,150632.4118417619,34391685.250299945,0.6804666666666667,11712247.350318858,0.3675431470000493,9997867.449700013,6665.244966466676,1053,0.10200489490595137,953,200683.77414689492,0,866,0.5773333333333334,576,1714379.9006188465
107,62322.49659297912,296455.52065076,214098.4727302889,0.5806545918631218,0.6153333333333333,1.0488035787976866,150243.99100429882,34837896.33394238,0.6799495283975794,11820762.51156139,0.36755024737843717,10003433.319529744,6668.955546353162,1054,0.10121194205408811,952,200792.62303978842,0,867,0.578,577,1817329.1920316445
108,66246.16625497903,297463.63858659373,214710.22142845383,0.5807864512606213,0.6146666666666667,1.048377751368457,150988.23119085372,35262913.92527549,0.6806,11930381.922226071,0.36748539341131253,10008959.94291574,6672.639961943826,1054,0.10177838683073023,952,200914.02516304248,0,866,0.5773333333333334,578,1921421.979310331
109,64114.075716803665,297314.7115549441,214609.87200776103,0.5807783433368292,0.6146666666666667,1.0478286786982323,150712.39850989694,35677224.1182462,0.6806,12040238.128339516,0.3674462280112847,10014324.439369496,6676.216292912997,1053,0.10234759464575531,953,201017.10612846666,0,868,0.5786666666666667,578,2025913.6889700203
110,59254.13502410249,296909.64627700363,214450.208873554,0.5806276016516505,0.6146666666666667,1.0475547948304058,149738.1208073041,36118810.10865376,0.6805990438933751,12149734.935543887,0.3674972234095898,10019985.01209711,6679.990008064739,1054,0.1030101051181339,952,201101.3873909326,0,872,0.5813333333333334,578,2129749.923446778
111,64545.42684933035,296993.82578948396,214462.4432403111,0.5806827362833292,0.6146666666666667,1.0475857521502703,150888.56336141564,36564807.73083573,0.6816291857563148,12259729.139952702,0.3675127895729631,10025869.317637328,6683.912878424885,1055,0.10354554322673361,954,201233.45611506244,0,874,0.5826666666666667,578,2233859.822315376
112,58783.528518404666,297111.7462810665,214502.26633357225,0.5807341842782147,0.6146666666666667,1.0480246537942595,149947.45884746005,37055896.75574848,0.6830589973785839,12370219.92496681,0.3674461148618533,10031708.890143419,6687.805926762279,1055,0.10359484542388851,958,201370.0113496569,0,874,0.5826666666666667,578,2338511.0348233907
113,60389.750014908765,296014.71803470934,214396.99801790414,0.5799528277368069,0.616,1.0485650983149364,150086.07599702716,37518225.12514381,0.6841333333333334,12480873.947766913,0.36833265358501704,10037288.253650414,6691.525502433609,1055,0.10340234911696926,959,201482.6638693354,0,878,0.5853333333333334,576,2443585.6941164983
114,59253.29046648537,296517.38344868005,214243.56331653646,0.5805404374132412,0.6153333333333333,1.0481183581453606,150361.82022969372,37954841.94943459,0.6835333333333333,12590337.16348393,0.36773360337844613,10042587.330060882,6695.058220040588,1055,0.10500797898407466,958,201590.08203356,0,880,0.5866666666666667,577,2547749.833423048
115,56201.36642450086,294857.33058913605,213565.92850528573,0.5799446136951352,0.6166666666666667,1.0479994330744926,150147.3605655573,38380083.45589842,0.6827061132167649,12698790.678755753,0.368512010212367,10048234.76734212,6698.82317822808,1054,0.105738444451332,957,201698.08346937527,0,882,0.588,575,2650555.911413632
116,52846.24312065792,297191.8675126349,214955.31359823846,0.5802860554030789,0.6146666666666667,1.048785620886227,149458.38593095358,38870371.717236474,0.6843999999999999,12806278.658925436,0.3678071647735637,10054418.796209455,6702.945864139637,1054,0.10689280057234334,960,201797.62971135974,0,879,0.586,578,2751859.862715982
117,48659.80880292218,296365.59842341475,214373.4979098578,0.580268087074398,0.6146666666666667,1.0500730114763488,149272.99417372688,39243942.35500587,0.6829486599844284,12914587.32755199,0.3679691020378988,10056125.293587258,6704.083529058172,1055,0.10808205384473392,958,201929.8756032918,0,881,0.5873333333333334,578,2858462.033964734
118,49628.66867817,296527.6143558002,214594.070661575,0.5801507215365358,0.6146666666666667,1.0500558437636787,149581.05615874683,39733631.01003649,0.6847333333333333,13022349.164373389,0.3678899794168347,10061731.996929107,6707.821331286072,1055,0.10836865698532795,961,201991.2126722182,0,881,0.5873333333333334,578,2960617.1674442817
119,49747.54439586859,294946.88391619973,213495.23411160932,0.580099235406119,0.616,1.050569676137399,149656.8050241909,40125930.90744225,0.6838000000000001,13130016.617956249,0.367915797767033,10067338.767120045,6711.55917808003,1055,0.10851212617286504,959,202107.820799449,0,881,0.5873333333333334,576,3062677.8508362044
120,54986.07981771019,296131.264483149,214200.6728072024,0.5802718639469868,0.6153333333333333,1.0505442362853443,150928.22002558515,40617365.62346258,0.6854666666666667,13237356.676595122,0.36766111185986394,10072458.041084882,6714.972027389921,1055,0.10867409700876945,962,202224.82594090336,0,878,0.5853333333333334,577,3164898.63551024
121,53934.58118183632,296710.4348553505,214788.74533776398,0.5800799812490973,0.6146666666666667,1.0508535364884757,151780.45370591464,41027967.089573495,0.6843999999999999,13344794.038322952,0.3679560966958344,10078154.923056142,6718.7699487040945,1055,0.10818024017028452,963,202332.20622084953,0,873,0.582,578,3266639.1152668097
122,52580.17425157463,295730.4501422673,213897.92805639104,0.5802864651838295,0.616,1.0502444490039227,151623.52354515038,41382270.60255719,0.6839333333333334,13452519.48921427,0.3678649517294953,10084325.53144981,6722.883687633206,1055,0.10892211832052592,961,202454.12982502332,0,868,0.5786666666666667,576,3368193.9577644593
123,56742.623422140045,297124.3312244844,214553.9488873361,0.5806858386866681,0.6146666666666667,1.0508176118636774,152583.2384465737,41777693.6434246,0.6838000000000001,13559143.022875395,0.3673309872061602,10090686.82783277,6727.124551888513,1053,0.1092586123570724,959,202587.90623868597,0,860,0.5733333333333334,578,3468456.195042625
124,51934.40789145154,297507.11979648576,215297.2095450626,0.5801571920784897,0.614,1.0510537795864365,151970.69892883083,42028608.06268601,0.6826666666666666,13666414.949871127,0.3681412089869101,10097247.86474049,6731.498576493661,1053,0.1099398972778217,955,202684.13758462694,0,855,0.57,579,3569167.0851306356
125,49209.89482553765,297358.56861279934,214634.76678647462,0.5807860142962732,0.6133333333333333,1.0507579048970954,151646.36794519093,42358435.449447274,0.683,13774031.120715855,0.3676967402928441,10102562.073624281,6735.041382416188,1053,0.11346519931609897,955,202824.07878144458,0,850,0.5666666666666667,580,3671469.0470915744
126,51252.77201325287,297330.4505016235,214682.71354477791,0.5807086055206928,0.6126666666666667,1.051971177805879,152967.59143844218,42721290.05744523,0.6839333333333334,13880612.983529573,0.3675942738711601,10108894.09451979,6739.26272967986,1052,0.11562040933125144,956,202937.18593346552,0,847,0.5646666666666667,581,3771718.889009782
127,48791.372024305616,298237.7879880191,215256.104367518,0.5808010424815779,0.612,1.053204467869547,153329.433487748,43053635.62045337,0.6828666666666666,13985967.84311371,0.3670101906283159,10115107.502995923,6743.405001997282,1051,0.11537144017367273,955,203045.54516134254,0,845,0.5633333333333334,582,3870860.340117785
128,48727.32743166488,299038.0677814699,215517.24640897126,0.5811582536115708,0.6113333333333333,1.0535219008403576,153763.30097424082,43387398.247303255,0.6836000000000001,14092023.35050485,0.36702342234720475,10121286.780176945,6747.524520117963,1052,0.11598052263050553,957,203151.11442105577,0,841,0.5606666666666666,583,3970736.570327904
129,48197.37097033085,299227.10110760387,215351.82172244875,0.5814989457048323,0.6106666666666667,1.0529431810492487,154077.14994285148,43704938.44367896,0.6827333333333333,14198099.680733735,0.36659142157665453,10127466.293891575,6751.644195927717,1053,0.1160647137095172,956,203296.55724016973,0,836,0.5573333333333333,584,4070633.38684216
130,51573.211320037066,299561.3031457408,215415.96906836872,0.5816981045742029,0.6106666666666667,1.0534067106701757,155061.31390904164,44053297.498457305,0.6840997240372767,14305215.04523301,0.36637377895761675,10133626.709440844,6755.751139627229,1053,0.11515019959229443,956,203435.77829942963,0,833,0.5553333333333333,584,4171588.335792166
131,49547.32931266223,296995.4651707989,213512.88544886248,0.5817641666591782,0.6133333333333333,1.0548254437804792,155050.83042641322,44288644.97525501,0.6833333333333333,14412260.72747247,0.36669695229397775,10139320.890009208,6759.5472600061385,1053,0.11517626349417324,954,203553.33214997168,0,836,0.5573333333333333,580,4272939.8374632625
132,46962.98330878484,298763.8021907287,215126.5062294785,0.5813766037137055,0.612,1.0555794795343985,155673.09287326946,44735864.04525097,0.6851999999999999,14518872.044616116,0.36669501776607305,10144791.239298334,6763.194159532223,1052,0.11672430635206657,960,203662.92418009829,0,829,0.5526666666666666,582,4374080.805317782
133,51340.22643031551,299512.7983808298,215692.7130876755,0.5813462622461466,0.6106666666666667,1.0565810833425495,156283.51507080355,44898971.278706945,0.6839333333333334,14624336.161978718,0.3667153119416066,10151203.927191552,6767.469284794368,1053,0.11673286667459508,959,203753.9998657572,0,824,0.5493333333333333,584,4473132.234787166
134,48464.3567083065,299715.89333968435,215720.6797906436,0.5814796794869682,0.6106666666666667,1.05610899930684,156188.9245424656,45156681.04385364,0.6856472174119763,14730881.798234202,0.3665221295008421,10156661.902621431,6771.107935080954,1053,0.11765183808269278,957,203906.79995250344,0,824,0.5493333333333333,584,4574219.895612771
135,49606.184217946284,299395.0457125999,215278.04522488586,0.581718863846654,0.6106666666666667,1.0567452654119618,157053.27686802132,45497096.93727397,0.6873333333333334,14837364.52603055,0.366363871756209,10160632.651866846,6773.755101244564,1053,0.11750694337961995,959,204017.04143268385,0,824,0.5493333333333333,584,4676731.874163703
136,46570.797452141815,299297.8507054731,215008.42716768174,0.5819447741201595,0.612,1.056417398807982,156833.56176971373,45865236.98277009,0.6881333333333334,14944399.124749789,0.366243443628211,10164883.760876196,6776.589173917464,1054,0.1174205525655371,962,204097.44430150875,0,826,0.5506666666666666,582,4779515.3638735935
137,48935.81623152077,296500.31803704053,213371.00119162071,0.5815198989533072,0.6146666666666667,1.0558226466596654,157341.59424955433,46262346.548746966,0.6892666666666667,15051293.322955573,0.3663025771162833,10169147.760749012,6779.431840499342,1053,0.11813308236803655,967,204201.49098713917,0,828,0.552,578,4882145.562206561
138,48158.542759902666,294296.4177429171,212325.4963371388,0.5808995022990906,0.6166666666666667,1.0557732729805434,157859.93743923196,46574769.96915334,0.6884415779412101,15156288.166733067,0.3672488407905029,10173171.45079152,6782.114300527679,1052,0.11731819869311023,966,204269.11847666447,0,829,0.5526666666666666,575,4983116.715941548
139,49975.35530273791,296426.59649337985,213108.93260862003,0.581758443843551,0.6146666666666667,1.0566128689480379,159328.56688665197,47032040.10757113,0.6907386996871683,15260442.731636107,0.36625395167411423,10175606.858146258,6783.7379054308385,1051,0.11999607274093929,971,204331.65745288477,0,823,0.5486666666666666,578,5084835.873489848
140,49102.27048727163,298489.6713792212,214785.1783964644,0.5815396400382152,0.612,1.0568074360186699,159289.8535197318,47355781.44135596,0.6895333333333333,15363660.239405194,0.3668005918270923,10178682.704196416,6785.788469464277,1051,0.12104378267834769,969,204361.41999067127,0,818,0.5453333333333333,582,5184977.5352087775
141,49616.28797612759,297696.9589049972,213938.23941249296,0.5818539457097014,0.6126666666666667,1.0569429615377999,159441.0386198281,47582055.978939086,0.6870666666666666,15466938.872222492,0.36680032817708524,10181901.991273733,6787.934660849155,1051,0.12226587740394443,967,204425.1847478238,0,819,0.546,581,5285036.880948761
142,48418.43520247143,298609.43441880867,214147.69991783152,0.5823603698954343,0.6126666666666667,1.0565732517996034,159302.3053854533,47996322.95196637,0.6883999999999999,15569691.256528918,0.36627393960083643,10185194.600830566,6790.1297338870445,1049,0.120217045233173,966,204494.39874386,0,820,0.5466666666666666,581,5384496.655698352
143,44137.26398928977,298790.58651153825,214159.69964325376,0.5824942388693254,0.6113333333333333,1.0570447371168237,159188.7976771484,48164396.25871375,0.6858770180337053,15673169.185690496,0.3660411525940533,10188937.282768596,6792.624855179064,1050,0.12058387067351126,961,204524.2497432711,0,820,0.5466666666666666,583,5484231.902921901
144,47684.280367391446,298436.58691749,213615.90161226873,0.5828242096320676,0.6126666666666667,1.0570614466799126,160181.9273934763,48446841.54525947,0.6858896342520127,15776682.709556691,0.36587525306480284,10193240.628272513,6795.4937521816755,1051,0.12015620593491463,959,204621.58946632303,0,819,0.546,581,5583442.08128418
145,46441.29167565766,297482.124433381,213585.14715059966,0.5820801702119904,0.612,1.0578398637095718,160013.3687182193,48837376.31567037,0.6888000000000001,15881778.94048814,0.36639952598915065,10197724.418564012,6798.482945709342,1052,0.12257058074352263,962,204720.68421124778,0,818,0.5453333333333333,582,5684054.521924127
146,44629.867578677535,298900.3955933275,214465.33494654886,0.5822367521084659,0.6113333333333333,1.0590195483624427,160307.5210948285,49236731.95659007,0.6901653183518119,15985811.345769035,0.36643674621734573,10202260.405156285,6801.506936770857,1051,0.12381725239702528,965,204817.4135342612,0,816,0.544,583,5783550.940612749
147,51192.35482172581,298608.4068286426,214510.99049280077,0.5819472200572053,0.612,1.0586560957964277,161639.38060066954,49479717.37553135,0.6892666666666667,16090750.332387231,0.3670201225705954,10206288.117293846,6804.192078195897,1050,0.12404670893407148,966,204877.06278437976,0,811,0.5406666666666666,582,5884462.2150933845
148,50099.95018752983,299289.58704447903,214327.57378549143,0.5827094767644588,0.6113333333333333,1.0599656634159327,162096.70455664722,49819979.66428954,0.6896000000000001,16194982.299963938,0.366600619554304,10210325.201938959,6806.883467959306,1050,0.12352333312655031,968,204932.1004041851,0,808,0.5386666666666666,583,5984657.098024979
149,52300.69428237944,299977.4885331072,214744.41119787746,0.5827952700086941,0.612,1.0614150398942261,162724.35171183813,50017124.737623416,0.6888666666666666,16299785.897833895,0.3661802798866548,10214344.20768319,6809.562805122127,1050,0.12324989741376875,964,205010.7003244955,0,806,0.5373333333333333,582,6085441.690150703
150,51898.46220443314,298063.3743815648,213876.72406865662,0.5822231454107263,0.6133333333333333,1.0611104277801342,163157.29464037443,50188862.6030791,0.6882666666666667,16404189.727151254,0.366368439426566,10217827.59819332,6811.885065462213,1050,0.12198541845019761,963,205093.08515241725,0,806,0.5373333333333333,580,6186362.128957934
151,57701.522814530595,297150.3252846677,213371.75544192237,0.5820518573099808,0.6146666666666667,1.062202909137775,164524.76073615946,50474108.264296405,0.689,16508555.32902645,0.36694083829704677,10221506.018111583,6814.337345407722,1050,0.12165701620320639,964,205165.23507553348,0,807,0.538,578,6287049.310914866
152,56168.704642954384,297261.61499466153,213183.73905811866,0.5823573721153403,0.6146666666666667,1.06230326889223,164597.91273725737,50799200.673422754,0.6896666666666667,16613437.510944052,0.3663099510495639,10225625.052979747,6817.083368653164,1050,0.121693043556505,967,205234.9554637,0,812,0.5413333333333333,578,6387812.457964305
153,51058.903193253675,296223.74650154676,212711.37246834455,0.5820461891117232,0.6153333333333333,1.0621331422199345,164425.20688615934,51110396.20162042,0.6896525236560113,16718133.494189383,0.3666790637604677,10229126.29097657,6819.417527317714,1050,0.12097218610112208,967,205321.9296994717,0,815,0.5433333333333333,577,6489007.203212813
154,53592.05530126759,296819.834259231,212961.3399541629,0.5822495009103308,0.614,1.062296319376082,165017.57987104266,51411737.482666396,0.6911999999999999,16821864.384936992,0.3663084792866345,10232529.695064483,6821.6864633763225,1050,0.12316793139411304,971,205396.59905787176,0,812,0.5413333333333333,579,6589334.689872508
155,56551.34796933046,297783.34355130565,213639.10449942376,0.582264905825502,0.6126666666666667,1.063438965443368,166180.028141708,51799013.04639473,0.691,16924818.923572842,0.3663200172611877,10235374.09964611,6823.582733097407,1049,0.12485426004380808,971,205469.19665123802,0,809,0.5393333333333333,581,6689444.823926732
156,56318.40678500089,297192.28717083693,213564.40794130726,0.5818666500408457,0.6133333333333333,1.0630943929527188,166282.19421904755,51976266.79479139,0.6899333333333334,17027717.482864197,0.36678292566810916,10238698.264389683,6825.798842926455,1050,0.12414917213673575,970,205510.55511228763,0,809,0.5393333333333333,580,6789019.218474516
157,53722.83417965605,297210.86794714583,214057.24563517558,0.581320954801322,0.6133333333333333,1.0630227650644688,167052.40470001358,52457319.50141724,0.6914288294228971,17130792.43975987,0.3674236042023174,10237165.747515904,6824.777165010602,1050,0.12462403706207399,971,205598.72579999428,0,809,0.5393333333333333,580,6893626.692243964
158,45476.050410335396,298467.55461978866,214329.4547040521,0.5820384073872414,0.6126666666666667,1.0633904696535457,165795.88845304528,52649937.82612679,0.6912703101612011,17233290.369039997,0.3671789351510457,10240799.981483538,6827.199987655692,1050,0.12421544778903928,971,205565.50056625612,0,809,0.5393333333333333,581,6992490.38755646
159,41987.15250634615,300071.2677571399,214648.05637395874,0.5829803811304196,0.6113333333333333,1.0635466696086584,165728.61246195517,52911221.40781247,0.6918000000000001,17336706.388453178,0.3661592882154461,10243532.962250764,6829.021974833842,1050,0.1253400071754862,967,205635.95091418596,0,811,0.5406666666666666,583,7093173.426202414
160,40882.71030150073,301012.2454933513,215456.50952114537,0.5828276010325198,0.6106666666666667,1.0643144089160046,166220.45716423058,53213652.99855534,0.6911912532957271,17440810.78491919,0.36627071721016147,10246009.446152514,6830.6729641016755,1050,0.12495761566928526,967,205686.20432811373,0,813,0.542,584,7194801.338766679
161,41377.04642221756,299453.4389751415,214537.8091462684,0.5826041592529365,0.612,1.0648473295334902,166348.59897136898,53414847.97505352,0.6908053663538348,17545299.68016406,0.36620607612934736,10246851.53824216,6831.234358828106,1051,0.12813022357707332,968,205731.9276720329,0,813,0.542,582,7298448.141921901
162,38503.3040874935,298065.85905731324,213894.1384126318,0.5822053686427159,0.6133333333333333,1.0651803232704224,165975.36145594198,53811953.739658505,0.6921333333333334,17648482.48455158,0.36630897808769347,10249793.80169167,6833.195867794447,1051,0.12649236702379338,971,205763.13183012026,0,817,0.5446666666666666,580,7398688.682859909
163,38375.571423637346,296915.3812850925,213136.0863346501,0.5821282755458143,0.6146666666666667,1.066373718039469,165751.8047017816,54063804.21335943,0.6921333333333334,17751536.09624438,0.3663315283837786,10251883.523927484,6834.589015951656,1051,0.12858662296057877,972,205821.14889579063,0,820,0.5466666666666666,578,7499652.572316898
164,34196.35075974621,299582.45617810206,214659.91891174793,0.5825705361713105,0.612,1.0660937070105923,165334.36511679288,54460767.90348215,0.6933605618247589,17853184.908182606,0.3663048781382751,10253824.07023776,6835.882713491839,1051,0.12957859422176382,975,205862.05705506256,0,816,0.544,582,7599360.837944847
165,33936.504116673226,301020.2845582529,214904.11623476207,0.5834581269960519,0.6106666666666667,1.0656210872834433,166899.57928644138,54529756.19523724,0.6913333333333334,17955959.632974133,0.3655557818293712,10255555.615343338,6837.037076895559,1051,0.13148639397101816,971,205905.03043427094,0,810,0.54,584,7700404.017630795
166,40405.3207821932,302075.4693998503,215071.78529098912,0.5841188687744979,0.6093333333333333,1.0662310604330032,168525.5147471615,54488905.83375388,0.6899119427007868,18058094.679642774,0.36505541879366266,10257422.923380114,6838.2819489200765,1051,0.13277357167665899,967,205949.07054958085,0,807,0.538,586,7800671.75626266
167,41672.15525940404,306232.4968892888,216984.26926717706,0.5852880043177195,0.6053333333333333,1.0669487820413306,169085.6586328281,54686596.98384397,0.6897923215849393,18160385.385643635,0.3643162634993041,10259372.643735388,6839.581762490259,1051,0.1341010691897298,966,205995.87232675645,0,806,0.5373333333333333,592,7901012.741908247
168,45241.28271899036,307136.3524835996,217373.62023707537,0.5855681845103133,0.6046666666666667,1.0678535058629963,170015.84199228545,54875417.12624415,0.6882666666666667,18263401.243227754,0.3639023412330925,10260486.610061318,6840.324406707545,1050,0.13401371432457862,966,206039.48062084036,0,808,0.5386666666666666,593,8002914.633166433
169,45876.26517106187,306472.17288337665,216792.55596348847,0.5856923961963937,0.606,1.0682234721462558,170998.1784505471,54929673.977029465,0.6856706037375684,18366756.231641803,0.3639932791963153,10262325.32538599,6841.5502169239935,1050,0.1329709276136129,964,206044.1348334749,0,808,0.5386666666666666,591,8104430.906255815
170,44777.2160660716,308786.3766235853,217718.24780617436,0.5864836932021669,0.6033333333333334,1.068114777135379,171029.58221942477,55067691.57935244,0.6877333333333333,18470443.247392416,0.3633702842468451,10261968.428988116,6841.312285992077,1050,0.13447970372412027,963,206076.11881401492,0,803,0.5353333333333333,595,8208474.818404298
171,38568.28104507807,310377.5275996773,218338.35920829367,0.5870402901519132,0.6006666666666667,1.0684774594241835,170848.05943878187,54970807.331087075,0.6864666666666667,18573730.332683492,0.36274531722518266,10263240.070473863,6842.160046982575,1049,0.13866328254239857,957,206059.1160151161,0,796,0.5306666666666666,599,8310490.26220963
172,41711.781434115015,315850.8385391156,219676.56082262474,0.5897939842397557,0.596,1.069319059166708,172668.6570943448,55112838.166439615,0.6872666666666667,18678085.769699357,0.3607365511398523,10265112.976026397,6843.408650684265,1049,0.14049557545043614,956,206058.80262276236,0,785,0.5233333333333333,606,8412972.79367296
173,39608.94208249233,319848.7894555005,220804.97257433922,0.5915963448671008,0.5913333333333334,1.0698080384040476,173135.88546228473,54910196.7511943,0.6826666666666666,18783081.553820357,0.3590471192160006,10266344.725056196,6844.229816704131,1049,0.1433724187212955,955,206092.22485076665,0,774,0.516,613,8516736.828764163
174,32248.53165483782,319345.96136135794,219283.42349894895,0.5928862597130309,0.5906666666666667,1.0708656529606946,173309.6685604854,54554082.11930385,0.6802666666666667,18888464.96504121,0.3574432195689308,10268229.383065736,6845.486255377157,1050,0.14248370719559633,946,206115.26053668105,0,768,0.512,614,8620235.581975473
175,35660.10410241103,320196.70447796606,219885.71810021138,0.5928663683395793,0.5906666666666667,1.0713354523331011,174045.4598194997,54636719.30226883,0.6810666666666667,18994463.48501142,0.3573293563782773,10270515.569242395,6847.01037949493,1049,0.14282139405228844,946,206168.78651049323,0,757,0.5046666666666667,614,8723947.915769026
176,33532.453322715955,317774.95918588864,218655.79928667872,0.5923876551947186,0.592,1.0709771330734017,173727.40558272667,54609954.94454825,0.6788666666666666,19099898.14256806,0.35790364829338506,10272179.139909713,6848.119426606475,1049,0.14493044096668212,944,206195.19197218746,0,750,0.5,612,8827719.002658345
177,34163.70762246494,318533.166908228,218787.37115340278,0.5928177769964419,0.5926666666666667,1.072149330739609,174729.63535105126,54949869.154954046,0.6809161166205302,19204018.381580543,0.35744777424304264,10274804.364216208,6849.869576144139,1049,0.14248989861787265,949,206227.64995444228,0,745,0.49666666666666665,611,8929214.017364332
178,38602.32678033006,321322.0331412199,220762.9265999014,0.5927521643372485,0.5893333333333334,1.0734608519758002,175776.3587826614,54914129.987345956,0.6792001752987434,19309391.43129318,0.35722047516337546,10277229.02833341,6851.486018888941,1049,0.14498994330786058,947,206279.4008483178,0,738,0.492,616,9032162.40295977
179,31911.215357852383,320020.2696958083,220738.25294546006,0.5917988460592516,0.59,1.0735836812911892,175130.95579848412,54906944.66797593,0.6762513961647757,19413710.668356203,0.35834556315501637,10279605.201265771,6853.070134177181,1048,0.14554946855676243,945,206329.25922587555,0,734,0.48933333333333334,615,9134105.467090433
180,36229.02563062945,319672.1923501659,220198.90442299654,0.5921268878087069,0.59,1.0739085493365956,177011.27755018405,55043542.15741221,0.6765612116732702,19517188.185903527,0.35811155082632834,10282419.6484235,6854.946432282333,1048,0.1465951916930274,944,206360.4054065989,0,725,0.48333333333333334,615,9234768.537480025
181,36991.509463555994,317015.56518183555,218674.61578591965,0.5917890161979984,0.5926666666666667,1.074801223723313,177532.57201011386,55077637.63577903,0.6772,19619639.621012505,0.3581991242628333,10284588.728191944,6856.392485461296,1048,0.1455759497482838,941,206418.40784581561,0,721,0.4806666666666667,611,9335050.89282056
182,35080.12830637285,317090.52321750746,217857.9777293889,0.5927496247886198,0.5933333333333334,1.0757699820325624,178062.45571378648,55161150.982109845,0.6775333333333333,19720765.910122044,0.35710690141336277,10287170.814705983,6858.113876470655,1048,0.14500867216773258,944,206463.45610930969,0,715,0.4766666666666667,610,9433595.095416062
183,33017.023697068355,320079.5210918004,219370.19247620268,0.5933445009632972,0.59,1.0758265861494152,178050.3839796718,55178826.29097301,0.6766,19822494.81282414,0.35650557298969354,10290095.061794855,6860.063374529903,1049,0.14535450724308135,944,206516.81613247527,0,708,0.472,615,9532399.751029287
184,30622.12944013427,321264.06328492454,219892.3373873624,0.5936621333237734,0.5886666666666667,1.075559475407236,177690.50737822792,55179815.00105757,0.6741719038813794,19924255.889415983,0.3559534888534548,10291892.633341895,6861.261755561263,1049,0.14642967766925116,940,206593.16426927235,0,707,0.4713333333333333,617,9632363.256074086
185,33902.8516093913,326512.5140078606,221574.5970255716,0.5957310570434925,0.584,1.0764049706376746,179828.2567654922,55202688.64933898,0.6741333333333334,20025841.789448466,0.35471828554117096,10293099.963400947,6862.0666422672975,1049,0.14809600513517707,937,206623.6113868168,0,700,0.4666666666666667,624,9732741.82604752
186,33729.93995684362,325486.4738004374,220162.99292240766,0.5965120350163627,0.584,1.076270186563282,179778.9619994335,54887394.55126087,0.6721333333333334,20129457.992000412,0.3538325379017568,10294485.22139853,6862.99014759902,1049,0.14846928656023847,932,206642.19034555773,0,695,0.4633333333333333,624,9834972.77060188
187,31054.651279986872,324600.6055010359,219535.62142842333,0.5965429049500072,0.584,1.0758950525453372,180173.95990601627,55072686.861832775,0.6735333333333333,20231813.15817028,0.3538722426710623,10295814.515120653,6863.876343413769,1049,0.14907755607001613,933,206670.1427245408,0,695,0.4633333333333333,624,9935998.643049626
188,30255.184254831864,325825.2419579427,219461.46222172945,0.5975301423278114,0.584,1.0766566094145023,180863.81024250525,55305067.79350092,0.6755333333333333,20334642.222691473,0.3532755933749318,10296809.095540548,6864.539397027032,1049,0.1467303910715619,938,206698.4697139512,0,693,0.462,624,10037833.127150925
189,32105.420639131782,325295.5100597658,219854.86990147494,0.5967078479939677,0.5846666666666667,1.0773775937204155,181601.1552673671,55246070.21454806,0.6746001052681208,20438652.872409444,0.3538484371793565,10296795.666040618,6864.530444027078,1049,0.14745932549458077,936,206720.081717217,0,698,0.4653333333333333,623,10141857.206368824
190,34221.803570594246,324845.4312464371,219094.1208617494,0.597208697156531,0.5846666666666667,1.0787133184318347,181961.70828588936,55514205.10419917,0.67386684196541,20542152.153817587,0.353132629225539,10297181.439588519,6864.787626392346,1049,0.14796759681175406,942,206721.46185376492,0,696,0.464,623,10244970.714229068
191,38725.67700066082,327323.6494597844,220390.0014338901,0.5976182060200769,0.5813333333333334,1.0792576681633477,183232.26090344985,55614418.755616255,0.6745333333333333,20643883.994213417,0.3527464843319823,10297020.753541099,6864.680502360733,1049,0.15060365129028197,939,206730.86688350813,0,693,0.462,628,10346863.24067232
192,35764.15655706062,328241.59528079146,221794.26791680386,0.5967639880290382,0.5793333333333334,1.0788097111890371,182646.14763104203,55581919.73767148,0.6736,20748123.84801622,0.35349300596150973,10297686.33045043,6865.124220300287,1049,0.15223740902943939,941,206729.31648036648,0,694,0.46266666666666667,631,10450437.517565789
193,34511.19837399102,327732.99429924507,221868.03129352882,0.59631074004232,0.5793333333333334,1.0784582995104155,182872.27006116707,55777736.78141884,0.6732666666666667,20851338.367765803,0.35397234040707104,10298681.069580343,6865.787379720228,1049,0.15335288348177367,939,206743.521138249,0,690,0.46,631,10552657.29818546
194,30565.188400645973,328137.52856187307,222508.7515937056,0.59591345730904,0.5793333333333334,1.07923495533636,182651.00596621496,55562701.76449587,0.670133438601454,20952845.97442804,0.3542908511125118,10299815.213357272,6866.543475571514,1049,0.15302756106014606,935,206764.3333743561,0,692,0.4613333333333333,631,10653030.761070766
195,26198.623518238,327240.2610023499,222346.88129251322,0.5954292519215811,0.58,1.0787984708306126,181894.9539408621,55718724.329546005,0.6704,21055199.77760681,0.35433120011529806,10300326.79276501,6866.884528510007,1049,0.15346564173036356,932,206787.9420572399,0,693,0.462,630,10754872.984841803
196,32319.671020644502,324043.9666204663,220093.82926568418,0.5955182107737022,0.5846666666666667,1.078717547046683,183575.44668992888,55556574.873293296,0.6695693254462621,21155119.025153752,0.3546313218178889,10300700.613311991,6867.133742207994,1049,0.15074363734188712,927,206799.0613975257,0,692,0.4613333333333333,623,10854418.411841763
197,31129.696642304127,326973.8122589458,222557.88310900432,0.5950044647379508,0.5813333333333334,1.0799383949446715,184220.54635648133,55578872.547146246,0.6721922411665823,21256082.97829516,0.35498560868485257,10301153.84672917,6867.435897819447,1049,0.15186823187620557,927,206807.2430183168,0,689,0.4593333333333333,628,10954929.131565986
198,24346.90001730281,328003.88843175716,223199.0979898553,0.5950691424245452,0.5793333333333334,1.0800353556886486,184310.6140832405,55750312.46816435,0.6723870200957588,21357322.010343272,0.35524101177427947,10300604.755199332,6867.069836799555,1050,0.15234760978114759,927,206817.29016702666,0,686,0.4573333333333333,631,11056717.255143939
199,25605.338241615613,326041.36643360375,220800.82035017232,0.5962257015158233,0.582,1.0813093898375805,184930.92840156367,55806901.5276238,0.6715334386014541,21459036.14249396,0.35453782528654004,10300930.436002243,6867.286957334829,1050,0.1521174208228787,932,206826.98121699874,0,688,0.45866666666666667,627,11158105.706491714
200,22923.520546705506,328320.055565849,222016.73360856474,0.5965802432695394,0.58,1.0808619797406374,184173.08135141077,55867631.78952623,0.6715333333333333,21560435.520860467,0.35380610192803585,10301232.241239907,6867.488160826605,1051,0.15353181683169068,934,206827.64876157642,0,680,0.4533333333333333,630,11259203.27962056
201,17263.198009785665,328157.901636693,221999.38128771217,0.5964801554427187,0.5806666666666667,1.0822809159238105,183611.2962422403,55878277.694937125,0.6706019417397853,21660932.676976696,0.3541431194813793,10300746.556944637,6867.164371296424,1051,0.1528200247195991,933,206844.67643986538,0,679,0.45266666666666666,629,11360186.120032057
202,15645.13974149623,329887.8979613277,223192.37822884222,0.5964557265244075,0.5773333333333334,1.0821540862059174,183644.4765512201,55897810.39612453,0.670910353971948,21762860.795611415,0.3540202731903747,10301222.402165709,6867.481601443806,1052,0.1557622240913575,931,206823.64512565895,0,678,0.452,634,11461638.393445706
203,19306.386923162416,328047.51575758314,222286.92386767943,0.5960875644652722,0.5793333333333334,1.082392362753314,184104.8541888238,56146412.07739767,0.6730956129179946,21864779.59506388,0.3545363351357333,10301754.350625932,6867.836233750621,1052,0.15379651963822685,935,206849.1612633017,0,673,0.44866666666666666,631,11563025.244437948
204,22311.38214074089,327484.4091896502,222745.6170803222,0.5951772777826718,0.5806666666666667,1.0827828472986765,184290.3996566091,56378830.63530554,0.6732571681513676,21966122.67169997,0.35542625329839406,10302363.723292528,6868.242482195018,1053,0.1538301084170083,936,206854.0003790138,0,666,0.444,629,11663758.948407443
205,25858.01487333607,326151.9172557652,221866.69169009553,0.5951475222404099,0.5813333333333334,1.0829889711348446,185348.76536568796,56573745.55494818,0.675,22067181.77815394,0.3554817206998092,10302843.364338223,6868.562242892149,1053,0.15470892782962908,936,206883.2717453751,0,667,0.44466666666666665,628,11764338.41381572
206,25095.847840587867,328008.55212931434,222150.37285603874,0.5962069090091502,0.5793333333333334,1.0840925597554498,185763.78696370867,56838764.90995565,0.6746666666666666,22167263.3071452,0.35468860635351446,10302891.850816928,6868.594567211285,1053,0.15646376619324148,942,206885.78235260598,0,667,0.44466666666666665,631,11864371.456328273
207,23489.165690247788,326376.17994405015,220508.51760982684,0.5967915749039527,0.582,1.083493057701716,186766.66963449607,56832312.86121952,0.6719697981560193,22267319.25759669,0.35372925198188354,10303437.684325067,6868.958456216712,1054,0.1546431342908586,939,206883.72132350845,0,664,0.44266666666666665,627,11963881.573271621
